Price,Close,High,Low,Open,Volume,MA_20,MA_50,Daily_Return
Ticker,RELIANCE.NS,RELIANCE.NS,RELIANCE.NS,RELIANCE.NS,RELIANCE.NS,,,
Date,,,,,,,,
2024-01-01,1285.609619140625,1293.848686885263,1277.1223881648045,1280.7952766903763,4030540,,,
2024-01-02,1296.255859375,1297.8937610136477,1277.0480485996618,1283.0039664322292,7448800,,,0.8281083212096307
2024-01-03,1282.16015625,1307.3238832997818,1279.132516403198,1295.412048372221,9037536,,,-1.0874167335911844
2024-01-04,1288.7860107421875,1295.337616733607,1280.0755785995668,1284.4928354763001,9612778,,,0.5167727650784659
2024-01-05,1294.2705078125,1300.3009471094986,1289.456165302221,1291.8881165287519,8086406,,,0.42555529192578323
2024-01-08,1284.1702880859375,1306.3063750382337,1275.0378087074926,1295.4120337021336,7734652,,,-0.7803793461718667
2024-01-09,1280.7705078125,1293.8239187379374,1279.1326061603381,1290.448874370277,5403074,,,-0.26474528378201967
2024-01-10,1315.3148193359375,1319.7320764251056,1278.0654937339266,1279.0333061103788,11102740,,,2.697150762976075
2024-01-11,1349.9088134765625,1352.489686993197,1318.7394856296971,1319.7321386109766,23725852,,,2.6300923271046495
2024-01-12,1360.6541748046875,1363.2350482099334,1335.8626919019084,1349.9087552154863,15012164,,,0.7960064576844506
2024-01-15,1383.88232421875,1386.1901939086483,1355.9639593887296,1364.897836134336,8610594,,,1.7071310141973939
2024-01-16,1364.5255126953125,1386.0413130880693,1360.4308194226976,1379.7627106993223,9069024,,,-1.3987324778040766
2024-01-17,1351.5712890625,1376.0898877655304,1345.0694854389078,1349.511582817391,12197382,,,-0.949357378245308
2024-01-18,1357.8995361328125,1360.92717605878,1341.3222805612156,1341.4712027363942,10279438,,,0.468214079532725
2024-01-19,1357.4031982421875,1365.890429247957,1349.015329468004,1365.890429247957,10422704,,,-0.036551886013491686
2024-01-23,1318.8138427734375,1361.6716823004633,1312.8332056966303,1361.6716823004633,20055420,,,-2.8428808417957585
2024-01-24,1334.00146484375,1339.5851376107455,1314.1980872328543,1325.4149927095905,21919128,,,1.1516122729174016
2024-01-25,1343.1337890625,1354.1274927557365,1325.390118278632,1333.0831783387705,11808872,,,0.684581273665974
2024-01-29,1437.4111328125,1441.8283899094502,1350.1817560391485,1354.474931519067,23893438,,,7.019207209119882
2024-01-30,1397.2830810546875,1449.2484377227322,1394.1066401470152,1449.2235971647833,14093978,1334.1912963867187,,-2.791689228070482
2024-01-31,1416.1435546875,1423.7125336444733,1392.195801594125,1393.6847810610707,15130226,1340.7179931640626,,1.349796178636642
2024-02-01,1416.1683349609375,1432.745590517861,1407.631543948549,1424.4569627393994,13349362,1346.7136169433593,,0.0017498419108363805
2024-02-02,1446.9901123046875,1464.0638152243819,1422.6453963923934,1422.6453963923934,19652588,1354.9551147460938,,2.1764204567248813
2024-02-05,1428.452392578125,1459.6961190035063,1421.007495677393,1450.0177530325548,8814432,1361.9384338378907,,-1.2811227643454104
2024-02-06,1417.309814453125,1431.2565145548228,1409.3933108861847,1431.2565145548228,9047984,1368.090399169922,,-0.7800454661908263
2024-02-07,1431.554443359375,1438.8504181404362,1418.7491963623445,1425.3752031215413,9296568,1375.4596069335937,,1.0050469389959238
2024-02-08,1439.4708251953125,1448.752105824393,1417.0368932886952,1439.3467435794867,14694634,1383.3946228027344,,0.5529920201540195
2024-02-09,1450.0177001953125,1461.1602045826953,1440.2896534634558,1443.31729322881,12556798,1390.1297668457032,,0.7326911261691604
2024-02-12,1441.679443359375,1450.2659153474917,1431.7529141646626,1450.017752117624,6674430,1394.7182983398438,,-0.5750451759874653
2024-02-13,1454.3358154296875,1468.1337156942297,1443.3173918995335,1444.8063713272154,7715594,1399.4023803710938,,0.8778908604551328
2024-02-14,1470.4912109375,1472.749520552248,1446.7916226083244,1446.7916226083244,7117888,1403.7328247070313,,1.1108435435896347
2024-02-15,1459.7952880859375,1473.8165098910026,1455.750276105359,1472.4516121931645,10006782,1408.4963134765626,,-0.72737074332756
2024-02-16,1449.843994140625,1466.1483668657747,1447.8339689108675,1465.6271998466532,9767498,1413.4099487304688,,-0.6816910580907831
2024-02-19,1463.17041015625,1468.6300012389227,1442.8458657695369,1451.3082561823699,6729828,1418.6734924316406,,0.9191620663659084
2024-02-20,1460.2174072265625,1464.659505178025,1451.0602075132595,1464.1880192365334,7117496,1423.8142028808593,,-0.2018222149101634
2024-02-21,1456.916748046875,1477.5888193115914,1446.8414171157522,1463.170510366537,12720292,1430.7193481445313,,-0.2260388873158603
2024-02-22,1470.8634033203125,1474.0398440634356,1447.2878974462733,1457.3633484018678,18493728,1437.5624450683595,,0.9572719437904942
2024-02-23,1482.6512451171875,1486.5474563697878,1472.4517119404402,1478.556551746289,14438584,1444.5383178710938,,0.801423284464442
2024-02-26,1476.3974609375,1483.5446346905887,1471.607959051116,1482.5768223248915,7513106,1446.4876342773437,,-0.42179738494019237
2024-02-27,1474.73486328125,1488.9297276070065,1467.1907251784094,1472.1291493159843,10826044,1450.3602233886718,,-0.1126117932493731
2024-02-28,1444.930419921875,1480.3185210789975,1439.5205099276588,1472.1042938560004,8647950,1451.7995666503907,,-2.021003510628405
2024-02-29,1450.0675048828125,1468.1088998815815,1443.8385832706604,1454.2365988812116,23628976,1453.4945251464844,,0.35552472908801924
2024-03-01,1481.1622314453125,1488.979373154373,1451.7548888255137,1452.7475417409498,12132926,1455.2031311035157,,2.1443640697963895
2024-03-04,1496.3250732421875,1501.337897909408,1476.2982516112518,1479.5243736818861,10024420,1458.5967651367187,,1.0237124249434348
2024-03-05,1489.1778564453125,1496.3250301461744,1475.1319146195472,1494.7119691573153,7107668,1462.190167236328,,-0.47765134225737915
2024-03-06,1491.9573974609375,1497.9133152152726,1467.6373999640691,1482.4775132325713,7805676,1465.2103149414063,,0.18664936519132702
2024-03-07,1468.059326171875,1492.056638756749,1464.7091224345347,1491.9325571368477,8315726,1466.6397399902344,,-1.6017931430034826
2024-03-11,1455.82470703125,1478.060156044582,1452.7475073010382,1478.060156044582,11277130,1466.9300903320313,,-0.833387242770911
2024-03-12,1464.5850830078125,1477.0676458601295,1454.2614676999044,1455.8248476863198,9432678,1468.075372314453,,0.6017466206097666
2024-03-13,1421.6527099609375,1472.2034859914554,1417.2850129833478,1468.9029635812572,13522134,1466.4412170410155,1407.0954541015626,-2.9313676306674474
2024-03-14,1420.9578857421875,1437.882667347047,1415.0268084821887,1429.1224321842872,18571102,1463.96455078125,1409.8024194335937,-0.048874399062559526
2024-03-15,1407.80517578125,1422.694969713975,1402.5193474045138,1415.4733954219128,19223818,1461.3650451660155,1412.0334057617188,-0.9256227853697174
2024-03-18,1428.8990478515625,1431.1325169373013,1406.1177116464064,1409.5671563330236,9169392,1460.3177978515625,1414.96818359375,1.4983516493044968
2024-03-19,1414.778564453125,1427.0378036957165,1406.8373411480031,1418.252849649116,8275764,1457.8982055664062,1417.4880346679688,-0.9882072088765459
2024-03-20,1433.142578125,1434.3833942099568,1413.5625245390722,1417.458614341769,8488806,1456.5444641113281,1420.2654760742187,1.2980132816030832
2024-03-21,1440.3145751953125,1447.1887452733042,1434.060934378195,1441.8532357214951,13006936,1455.71435546875,1423.3883618164064,0.5004384894973679
2024-03-22,1444.3348388671875,1449.2732629085037,1436.716179238339,1439.321893152815,19527608,1454.3879272460938,1426.6596484375,0.27912400118077496
2024-03-26,1430.983642578125,1441.7291835759677,1428.4276096750873,1434.3835274360674,11415906,1451.8045471191406,1428.9730249023437,-0.9243837322053361
2024-03-27,1481.8819580078125,1488.9794509587407,1436.368843691532,1437.3614966588377,16326644,1452.0787719726563,1431.6124877929688,3.556876117604446
2024-03-28,1474.933349609375,1494.8856495085238,1467.786296896486,1481.90676076149,21854364,1452.0886962890625,1433.8980712890625,-0.468904311904772
2024-04-01,1473.8663330078125,1482.9986918329437,1471.6080232736622,1481.509712382751,5013880,1453.5354919433594,1435.6977514648438,-0.07234337753940778
2024-04-02,1476.025146484375,1483.0233977342266,1464.1629930776332,1473.0968689675985,8910166,1454.8333740234375,1437.927744140625,0.14647281291491066
2024-04-03,1460.7880859375,1473.5436523631188,1458.1079713887636,1471.186101560143,7008292,1453.8146667480469,1440.112080078125,-1.0323035879955644
2024-04-04,1452.1768798828125,1468.878217464342,1439.3467919062653,1468.878217464342,14490272,1451.6072570800782,1441.997626953125,-0.5894904358534014
2024-04-05,1449.3724365234375,1459.9938949751336,1445.3025839763254,1450.1417667351745,7442298,1449.6169860839843,1443.83701171875,-0.19311995654422986
2024-04-08,1475.057373046875,1480.0206375610207,1450.2658910334067,1452.226356281804,8357118,1448.7719848632812,1446.9618823242188,1.7721419199227428
2024-04-09,1452.896484375,1478.8543827139295,1451.7549092714805,1478.060211901015,7071414,1448.0138427734375,1449.3397827148438,-1.5023746924568426
2024-04-10,1468.7044677734375,1476.0749645358123,1455.5766564963697,1455.5766564963697,9138330,1448.6578308105468,1451.8511962890625,1.0880323249758295
2024-04-12,1456.3707275390625,1475.5536963762681,1452.3255942645226,1465.031599863232,15551012,1448.2471130371093,1452.2303881835937,-0.8397700493873339
2024-04-15,1454.062744140625,1471.2356878788278,1435.6986653849476,1450.2658952456557,12902062,1449.8676147460938,1453.3659814453124,-0.158474992307589
2024-04-16,1454.9810791015625,1460.3662698899807,1440.265047408789,1442.6721581376476,9366184,1451.5687744140625,1454.1427319335937,0.06315648789145811
2024-04-18,1453.56640625,1475.0822062813913,1448.6279823176308,1452.7475160786112,19005692,1453.8568359375,1454.890693359375,-0.09722963905730575
2024-04-19,1459.323974609375,1463.1705049395248,1432.4231028577299,1446.0720814485837,15741778,1455.3780822753906,1455.1373706054687,0.3960994375364457
2024-04-22,1468.9774169921875,1471.9305352298081,1457.0160218672338,1461.6317610616636,10350362,1458.0880249023437,1455.94787109375,0.6615009792733995
2024-04-23,1448.603271484375,1482.5272357774581,1444.8561033979943,1468.1337674689391,14605554,1458.8610595703126,1456.573740234375,-1.3869611113239366
2024-04-24,1439.5205078125,1457.7605053579202,1438.8504186169605,1452.7475596039474,10462776,1458.821356201172,1456.7330615234375,-0.6270014606944763
2024-04-25,1449.2484130859375,1457.189636393573,1430.9091747445573,1431.9018276580116,15943926,1459.0670349121094,1456.92861328125,0.6757739970109977
2024-04-26,1441.878173828125,1454.2366552962403,1439.346860190818,1453.1943211694756,9413848,1459.6117614746095,1456.7658227539061,-0.508555965372337
2024-04-29,1454.2613525390625,1457.1152296530197,1439.3467183436048,1439.3467183436048,7247974,1458.230731201172,1457.0174609375,0.8588228142784482
2024-04-30,1456.2218017578125,1472.178648628076,1452.1271085524606,1457.2144546560796,11474262,1457.2951538085938,1457.0551806640624,0.1348072143516177
2024-05-02,1455.7752685546875,1466.4710074185996,1453.368036621592,1461.185178797564,14512646,1456.3906005859376,1456.7608618164063,-0.030663818010823185
2024-05-03,1423.46435546875,1464.1134460205978,1405.7455242326487,1460.1925152681529,17226958,1453.7625610351563,1456.0342431640624,-2.219498694878652
2024-05-06,1409.095703125,1429.4202480421582,1407.5818831415143,1424.9533097670264,7394208,1451.1779418945312,1455.21927734375,-1.0094142707927745
2024-05-07,1391.17822265625,1410.311631866643,1381.772860502106,1405.571689953147,14517472,1448.1280090332032,1453.77943359375,-1.2715588039204029
2024-05-08,1408.1279296875,1422.4220356245855,1387.2325360419566,1387.2325360419566,9439002,1446.0657836914063,1452.7376440429687,1.2183706411740047
2024-05-09,1383.88232421875,1413.2896685063718,1379.787630710347,1402.6186490602306,11009612,1441.50703125,1451.2769555664063,-1.7218325805192114
2024-05-10,1397.0845947265625,1399.6406275450738,1377.8766636438304,1386.4879762578594,10505096,1438.7164367675782,1449.8013793945313,0.9540023943340525
2024-05-13,1392.394287109375,1396.6379028351905,1373.8317248456565,1389.6149314683873,8456620,1434.900927734375,1447.996240234375,-0.33572108910882026
2024-05-14,1409.6414794921875,1416.590049599915,1389.738862101979,1390.6818338615062,7188300,1432.5644653320312,1446.6611206054688,1.2386715848007324
2024-05-15,1405.86962890625,1419.468926315315,1402.6435067088078,1410.063563528233,5046534,1430.1548095703124,1445.2838159179687,-0.2675751700564555
2024-05-16,1414.8778076171875,1417.0120356183081,1387.75361519461,1408.1278405018506,14711774,1428.1496459960938,1444.682763671875,0.6407549125266865
2024-05-17,1425.15185546875,1426.6408349602225,1402.8668442157614,1412.5948920294334,10916476,1426.7289184570313,1444.1844506835937,0.7261438264315689
2024-05-21,1425.57373046875,1431.231803864575,1415.1260338425998,1415.1260338425998,11176128,1425.04140625,1443.0726806640625,0.02960210860205592
2024-05-22,1449.9185791015625,1457.9838844507517,1425.7226630539947,1425.7226630539947,10281604,1424.0884643554687,1442.14455078125,1.707722870623285
2024-05-23,1475.1319580078125,1481.2615172416956,1444.3100355832012,1447.8340020088174,14608260,1425.4148986816406,1441.8636328125,1.7389513638671694
2024-05-24,1469.37451171875,1477.5638984586112,1465.2549777906743,1472.724715385057,7094776,1426.9075988769532,1441.4119750976563,-0.3903004241625929
2024-05-27,1455.4774169921875,1473.990419113941,1450.8119965034373,1469.3497180106694,6629010,1427.2190490722655,1441.1603369140626,-0.9457830264325784
2024-05-28,1445.5010986328125,1467.6373066821805,1442.0764946111178,1457.2144512745626,7820162,1427.4001953125,1440.9538647460938,-0.6854327138920202
2024-05-29,1430.1895751953125,1447.287997987601,1427.8815843874524,1435.8724890871501,7383556,1426.1966064453125,1440.2659545898437,-1.05925367002363
2024-05-30,1414.3814697265625,1429.817270893488,1409.6663684202383,1424.9532474164846,13206858,1424.10458984375,1440.1205297851564,-1.1053153891567913
2024-05-31,1419.8907470703125,1431.653659822201,1411.800601617005,1420.7841589242364,31069832,1422.3103637695312,1440.0991870117186,0.3895184900022164
2024-06-03,1499.228515625,1503.3728901534053,1448.2806515244756,1472.1043222829317,21527942,1426.0985717773438,1441.9276538085937,5.5875967019565875
2024-06-04,1387.0091552734375,1487.0437791255476,1349.3131842665355,1487.0437791255476,36709098,1424.9942443847656,1441.0898559570312,-7.485140469382035
2024-06-05,1410.3116455078125,1420.6352601794422,1373.9308915121778,1411.5524616660985,17464890,1425.9509155273438,1441.000517578125,1.6800530945147996
2024-06-06,1421.0819091796875,1433.0929853880773,1410.9072166555904,1424.4569533735907,17855722,1426.598614501953,1440.7593041992188,0.7636796949228142
2024-06-07,1459.1500244140625,1461.1850112482903,1416.0193060772324,1418.004611799037,18558696,1430.3619995117188,1441.1360131835938,2.6788121774310447
2024-06-10,1460.5894775390625,1482.3781598703026,1457.2888339961758,1459.150058153404,9251760,1433.5372436523437,1441.4611059570314,0.09865011142895508
2024-06-11,1445.9727783203125,1462.847878399236,1443.9874724286744,1458.20717740815,11774902,1436.2161682128906,1441.760888671875,-1.0007397316991185
2024-06-12,1452.5738525390625,1465.1557773484808,1444.4838278075101,1446.7916974833406,10081742,1438.3627868652343,1441.1747265625,0.45651441837086804
2024-06-13,1454.4847412109375,1461.433311890669,1449.3725542618724,1461.1851486521073,9181160,1440.7935424804687,1440.7657543945313,0.13155191170037828
2024-06-14,1466.6944580078125,1468.8038455887872,1446.518713499826,1459.199879544848,8157998,1443.384375,1440.6223168945312,0.8394530689067148
2024-06-18,1470.1439208984375,1476.4720837189377,1460.5399547367645,1476.4224025999808,7196766,1445.6339782714845,1440.5046923828124,0.23518619517457484
2024-06-19,1447.9332275390625,1476.571240472528,1445.3026730272272,1476.571240472528,8725874,1446.751953125,1440.2475952148438,-1.5107836072132064
2024-06-20,1462.8726806640625,1471.9554798675892,1439.446094050177,1448.280730003189,16113776,1447.399658203125,1440.4615112304687,1.031777767155151
2024-06-21,1443.515869140625,1463.8652545834836,1429.9909727182371,1462.7982011333013,31170360,1445.8188537597657,1440.3443798828125,-1.323205483244827
2024-06-24,1430.88427734375,1438.8503408924523,1426.9385064042085,1434.9045699529108,8878386,1443.8943420410155,1439.46091796875,-0.8750573559260566
2024-06-25,1443.46630859375,1445.2282918111714,1430.4128980926341,1432.3982039886682,7045386,1443.2937866210937,1439.272314453125,0.8793185758779076
2024-06-26,1502.9013671875,1507.8149506909176,1434.5075565031482,1435.425808927042,22014882,1446.163800048828,1439.9562524414061,4.11752309284259
2024-06-27,1519.304931640625,1526.2038207675607,1494.9352546835423,1502.6283145931025,28383030,1450.6195678710938,1441.2149365234375,1.0914598130828956
2024-06-28,1553.89892578125,1569.3842873036351,1519.7764812043604,1519.7764812043604,28957336,1457.595440673828,1443.21166015625,2.276961880408601
2024-07-01,1548.6875,1567.7960689891884,1544.2454023527885,1551.0450507194453,7724306,1464.0352783203125,1445.0857885742187,-0.33537739776928754
2024-07-02,1553.6756591796875,1561.9394466769938,1545.5606726889605,1557.968834801107,7749246,1466.757635498047,1447.0879736328125,0.32208945831146973
2024-07-03,1541.019287109375,1563.4283787351976,1531.440162014497,1554.8170660210362,9049620,1474.4581420898437,1448.7218798828126,-0.81460837695011
2024-07-04,1542.6075439453125,1555.983518377374,1539.4062623766438,1545.5606622734106,6837176,1481.0729370117188,1450.194482421875,0.1030653444264562
2024-07-05,1576.9532470703125,1586.755694667964,1536.6267221432645,1542.4088769403465,12269710,1488.86650390625,1452.7614819335938,2.2264705796238182
2024-07-08,1589.13818359375,1596.9801663885871,1570.898185044045,1577.3255888697254,9500806,1495.3659118652345,1455.7538354492187,0.77268850843073
2024-07-09,1578.5911865234375,1588.7410386525216,1568.887979750272,1585.8623208770043,6960002,1501.2659973144532,1458.3406909179687,-0.6636928858169577
2024-07-10,1572.5855712890625,1585.7630632323035,1551.6654591589945,1583.2814308954767,7134578,1507.5966369628907,1460.9548388671874,-0.3804414522040611
2024-07-11,1569.036865234375,1592.4634499565013,1558.9614138424095,1575.8365135146928,11940946,1513.4197875976563,1463.2503491210937,-0.22566060120839948
2024-07-12,1584.9937744140625,1593.3569240772113,1562.9320865975437,1572.8586162043875,12924784,1519.9452392578125,1465.8257885742187,1.0169875248472238
2024-07-15,1585.4901123046875,1594.0517441522056,1573.8512804915936,1592.6620057625546,5329688,1525.8850219726562,1468.4200854492187,0.03131481641360789
2024-07-16,1564.669189453125,1588.24469666931,1557.5965372882695,1581.792452589091,9386838,1530.6112854003907,1471.2441821289062,-1.313216821093699
2024-07-18,1575.0177001953125,1582.1895936713806,1546.3795650620239,1564.4210812674708,12298374,1536.965509033203,1474.5626220703125,0.6613864970271832
2024-07-19,1543.7242431640625,1578.293333314245,1541.3915329908289,1574.3475621142547,13140390,1541.0080871582031,1477.6135424804688,-1.9868638319029297
2024-07-22,1489.6495361328125,1526.203933085127,1488.2597977476694,1525.9557698439748,19674376,1543.3147705078125,1479.243974609375,-3.5028734743724033
2024-07-23,1476.96826171875,1494.6870915999891,1452.2511804820083,1489.9719903646578,18052044,1545.6189697265625,1481.105693359375,-0.8512924756103102
2024-07-24,1484.7109375,1498.4095963901725,1465.552808673545,1474.0895996286229,11913362,1547.681201171875,1482.8582202148436,0.5242276345356123
2024-07-25,1481.4351806640625,1489.4508041915794,1466.2227025912728,1470.1189136102262,12519876,1546.607891845703,1484.6390380859375,-0.22063263314091586
2024-07-26,1497.9381103515625,1501.3131545447015,1479.4002684339398,1481.4352554076795,9859940,1545.53955078125,1486.404970703125,1.1139825692611405
2024-07-29,1508.9317626953125,1516.2774189432153,1500.6679751498336,1500.8416167163412,7538550,1543.291192626953,1488.4662133789063,0.733918996237426
2024-07-30,1502.03271484375,1513.795627121447,1498.9058340677934,1505.8792447159437,8228208,1540.9584533691407,1490.2093115234375,-0.45721403857514886
2024-07-31,1494.364501953125,1499.3524857083617,1490.1208866802617,1492.9499231376883,10057346,1537.9928955078126,1491.593564453125,-0.5105223617864252
2024-08-01,1504.1671142578125,1506.8472288436842,1493.2479314401046,1500.8913109431162,10764222,1536.1502868652344,1493.1654321289063,0.6559719728269409
2024-08-02,1488.3092041015625,1498.2357327232485,1482.3037269895096,1493.9425575637474,10268248,1533.435369873047,1493.9332446289063,-1.054265181437275
2024-08-05,1436.6912841796875,1472.9976360481728,1422.7197433328897,1469.1262655731218,17046704,1526.4222717285156,1493.1644311523437,-3.468225539398906
2024-08-06,1445.3524169921875,1466.6447748995176,1440.6620347326755,1444.4590050773538,10236186,1519.2329833984375,1492.6839892578125,0.6028527428176833
2024-08-07,1454.062744140625,1461.6814036613468,1450.7622216985117,1458.2071184913539,8174568,1513.0065612792969,1492.6556958007814,0.6026438290091196
2024-08-08,1438.478271484375,1454.2366377811502,1435.3018303695276,1446.816580877676,12387192,1506.3011962890625,1492.5152392578125,-1.0717881823910314
2024-08-09,1463.46826171875,1465.6520496932055,1445.3026646483625,1449.2732763644294,6249776,1501.0227661132812,1493.1808129882813,1.7372518396532755
2024-08-12,1449.8936767578125,1462.1777566892652,1447.0397996020206,1459.199797918004,8184584,1494.2677612304688,1493.8910571289061,-0.9275626479931298
2024-08-13,1452.8717041015625,1459.2742672925806,1447.28803114191,1450.0178268110735,6265064,1487.6368408203125,1494.5506762695313,0.20539625708344555
2024-08-14,1451.1097412109375,1461.1851932386814,1443.0195951522678,1452.7973239887267,6267466,1481.9588684082032,1493.58830078125,-0.12127449971328641
2024-08-16,1467.339599609375,1469.5235088888628,1447.3377388233519,1457.8598362701878,9416902,1476.5749633789062,1495.1949096679687,1.1184445901998963
2024-08-19,1482.4791259765625,1492.3397678065596,1474.6105280885965,1476.6025720306277,13797742,1473.5127075195312,1496.6382592773436,1.031767040923448
2024-08-20,1489.9990234375,1497.9423959482733,1484.0976661921165,1491.268975771349,8411808,1473.5301818847656,1498.0166015625,0.5072514903698089
2024-08-21,1492.7132568359375,1501.8766102174725,1484.072717714687,1487.30978907883,7769996,1474.317431640625,1498.6878662109375,0.18216343472330365
2024-08-22,1492.1654052734375,1500.5070892244864,1484.720165407205,1497.0210123494212,10445782,1474.6901550292969,1499.319384765625,-0.03670172821144124
2024-08-23,1494.008056640625,1505.3128818837536,1492.4642955105633,1497.768063961028,9249654,1475.318798828125,1500.2800903320312,0.1234884122548019
2024-08-26,1506.5828857421875,1516.941539085057,1497.021098650585,1500.9802618699923,8816114,1475.7510375976562,1501.3602709960937,0.8416841559635069
2024-08-27,1494.481201171875,1507.4544123852302,1493.485179145279,1504.4912711730515,6251156,1475.0285095214845,1502.1602001953124,-0.8032538192779826
2024-08-28,1492.33984375,1501.4782728482842,1487.0608784010915,1499.0131426615155,9610286,1474.5438659667968,1502.6731079101562,-0.1432843330646083
2024-08-29,1514.874755859375,1530.885760314005,1488.0568158159556,1497.1205913811584,38335358,1475.5693786621093,1503.567724609375,1.510038896552457
2024-08-30,1503.6197509765625,1533.599989641746,1497.3447635789732,1527.89778785993,41620730,1475.542010498047,1504.681455078125,-0.7429660332829102
2024-09-02,1510.2183837890625,1520.7264647058682,1500.6316718721823,1504.8647654458696,11240852,1476.637469482422,1505.628369140625,0.4388498360848425
2024-09-03,1503.1217041015625,1516.941509382377,1501.5031683479538,1515.1984708784905,10923800,1479.9589904785157,1506.8204858398437,-0.4699108263862328
2024-09-04,1508.525146484375,1511.4633627071519,1493.534966971581,1494.7301447200666,11983304,1483.117626953125,1508.3733032226562,0.3594813625582116
2024-09-05,1487.035888671875,1519.7054581926027,1481.1345314015284,1513.0072347057646,16264168,1484.7662841796875,1509.2446948242186,-1.424521020586289
2024-09-06,1458.997802734375,1491.0448575756723,1455.8105811316245,1486.5627588054047,19394228,1485.7922607421874,1508.3666235351564,-1.8855016312041895
2024-09-09,1456.63232421875,1464.07768593117,1449.809597840599,1460.666261949736,9010298,1485.4504638671874,1507.1131713867187,-0.162130368612734
2024-09-10,1455.7110595703125,1466.1942153054945,1451.7766997689328,1454.6901127162012,10768260,1485.7413330078125,1505.1494140625,-0.06324620380312451
2024-09-11,1445.7259521484375,1462.9073318760024,1441.7917138302157,1457.2300550346945,9760202,1485.3840454101562,1503.0901831054687,-0.6859264657110176
2024-09-12,1473.913330078125,1480.088617533546,1440.1232367942907,1451.2039809867947,22349376,1486.5242248535155,1501.4949365234374,1.9497040838064361
2024-09-13,1466.766845703125,1477.2500011980833,1463.6542770635715,1470.5268529366479,8711328,1486.495587158203,1500.0098876953125,-0.48486462732657554
2024-09-16,1465.4969482421875,1475.0090069946318,1458.9232273463058,1471.6723576050656,5481774,1485.6464782714843,1498.46767578125,-0.08657800417685158
2024-09-17,1466.4432373046875,1471.5975781970765,1460.790763828237,1468.1364260685732,5935328,1484.4686889648438,1496.2574755859375,0.0645712066227766
2024-09-18,1457.6282958984375,1476.10455198121,1454.7399294679985,1464.1522884024148,8574714,1482.7144409179687,1493.6272778320313,-0.6011103043068844
2024-09-19,1463.82861328125,1470.6264144806405,1449.7598031867433,1460.4171894563083,16955902,1481.2976013183593,1491.3320263671876,0.425370267595615
2024-09-20,1480.0140380859375,1489.0528890965668,1465.5218693608433,1468.136427109257,30897320,1480.597900390625,1489.480595703125,1.1056912440321032
2024-09-23,1487.434326171875,1495.5270047691104,1483.026880271187,1485.0687739665293,8832314,1479.6404724121094,1487.848544921875,0.5013660610634352
2024-09-24,1483.4501953125,1494.530939532627,1481.9561623839436,1482.5786761041754,17137444,1479.0889221191405,1485.8176733398439,-0.2678525558589717
2024-09-25,1488.0069580078125,1490.5468626388433,1474.3116560624171,1477.9970102640052,7069002,1478.8722778320312,1483.8680102539063,0.3071732849347697
2024-09-26,1491.9910888671875,1498.017070530802,1482.1305684499498,1484.7202013028073,18818998,1477.728094482422,1482.4144482421875,0.2677494777785894
2024-09-27,1520.1038818359375,1527.3747692811157,1486.0647823070499,1493.0369361114394,20597478,1478.5523010253905,1481.316171875,1.8842467075386393
2024-09-30,1470.701171875,1518.9086621673466,1468.5348969230117,1513.3558880158446,27008814,1476.5764404296874,1479.8557104492188,-3.249956174131363
2024-10-01,1458.997802734375,1482.0308103038055,1457.0057588364782,1474.7599230273088,16431642,1474.3702453613282,1479.24267578125,-0.7957679890677194
2024-10-03,1401.3780517578125,1443.634334423912,1396.4975195620746,1430.8602791168494,37757294,1469.012890625,1477.7308715820313,-3.949269208533057
2024-10-04,1381.0093994140625,1411.711728297617,1376.2782950115372,1398.34020617394,37072876,1463.7115661621094,1475.6568408203125,-1.4534730523430572
2024-10-07,1365.272216796875,1390.9447078848398,1355.9594355150189,1387.9566419173104,22181340,1459.0252868652344,1473.3335815429687,-1.1395420352580121
2024-10-08,1391.791259765625,1395.4267642320656,1359.669551595401,1367.513224520688,17020808,1455.7832336425781,1471.21064453125,1.9423996652453202
2024-10-09,1369.1318359375,1395.4019165531051,1367.0402140253339,1391.9656892391695,14310610,1451.4542724609375,1468.4146459960937,-1.628076313106086
2024-10-10,1365.595947265625,1380.4864268287754,1363.9774115920343,1374.5352199766685,22358646,1447.447772216797,1465.6859106445313,-0.25825772062730845
2024-10-11,1366.6417236328125,1377.7723178051706,1363.3797273571677,1364.5501018082973,7980122,1442.0841918945312,1463.131455078125,0.0765802190085152
2024-10-14,1367.0650634765625,1374.5849563155427,1362.8070452852592,1373.962442591221,12221432,1437.099102783203,1460.3894140625,0.03097665148292794
2024-10-15,1338.678466796875,1366.243302159234,1335.3666207605413,1353.1207855156183,33762794,1430.7581787109375,1457.3967993164063,-2.076462740368623
2024-10-16,1348.6884765625,1358.5740438069333,1332.3039628645522,1334.6695151768993,20034438,1424.8704406738282,1455.6367431640624,0.7477531023245998
2024-10-17,1351.0291748046875,1363.0062419523483,1346.6715786036464,1360.2671814831224,15543660,1419.5404846191407,1453.7502783203124,0.17355366215876522
2024-10-18,1353.8927001953125,1362.9814005892638,1335.9891081789099,1346.796043723323,12082452,1414.0436889648438,1451.7468774414062,0.21195141037859688
2024-10-21,1363.7532958984375,1368.5342502099143,1352.3239675798945,1361.686598848784,14067408,1408.2306518554688,1450.2523779296876,0.7283144152932186
2024-10-22,1338.006103515625,1370.5262455038624,1334.8935348257999,1363.7532474009167,15831960,1400.7592407226562,1447.743134765625,-1.8879655477459623
2024-10-23,1333.2003173828125,1352.0748848775756,1329.689315659354,1332.1793705575924,17214742,1393.2467468261718,1445.409267578125,-0.35917520257832125
2024-10-24,1334.4703369140625,1338.3547254831988,1317.8616212723593,1329.9633130042932,22155934,1385.5699157714844,1443.041240234375,0.09526096826493191
2024-10-25,1322.5677490234375,1339.002111534351,1316.7410448137834,1338.1555171764887,18597496,1377.0987487792968,1440.470400390625,-0.8919334931152934
2024-10-28,1329.0418701171875,1347.6177038778262,1316.8406011796387,1331.6813526124565,10824350,1367.5456481933593,1437.7044458007813,0.4895114899429842
2024-10-29,1334.66943359375,1337.856655249044,1315.0478495098762,1322.8167478889227,12008361,1360.7440612792968,1434.748251953125,0.42343011180425716
2024-10-30,1338.553955078125,1344.62966480214,1320.0776988278842,1329.6893351932274,11984423,1354.7218688964845,1431.7193505859375,0.29104745988790537
2024-10-31,1326.7510986328125,1337.6574904459744,1320.8745447599274,1334.6694245700712,9331650,1350.9905212402343,1428.400107421875,-0.8817617250717169
2024-11-01,1333.3248291015625,1336.6116286385318,1327.6972806767253,1327.7471304089104,2127335,1348.6062927246094,1425.2232958984375,0.4954757886030059
2024-11-04,1296.9700927734375,1334.6695017714562,1279.9878687625326,1332.5280301195805,19796890,1345.1911865234374,1421.2825366210936,-2.726622615482377
2024-11-05,1300.1075439453125,1304.3406373759979,1281.0336986406933,1287.8564249120313,16267479,1340.607000732422,1417.1530297851561,0.2419062081197243
2024-11-06,1320.0777587890625,1323.0160966964434,1295.0277806900112,1304.7888451117578,21625209,1338.154296875,1413.6649609375,1.5360433017062691
2024-11-07,1300.4561767578125,1318.7331565363688,1297.4182609581876,1318.7331565363688,9611974,1334.8973083496094,1409.8272875976563,-1.4863959263467397
2024-11-08,1278.6431884765625,1296.4720058402277,1269.9279963447846,1292.4879180085577,19814406,1330.497381591797,1405.10265625,-1.6773335904045839
2024-11-11,1267.6370849609375,1280.884225507143,1261.9598084895413,1273.8622221377802,9056552,1325.5259826660156,1400.3830029296876,-0.8607642550177097
2024-11-12,1269.1810302734375,1284.1712099692156,1262.4578817905294,1270.4759075040322,10671091,1322.0511108398437,1395.562255859375,0.12179710824313794
2024-11-13,1247.0693359375,1270.3761523895544,1244.5294313213271,1265.196886863478,14633633,1316.9701538085938,1390.4412084960939,-1.7422017670066903
2024-11-14,1262.5574951171875,1267.537605244334,1246.1231316976048,1248.613186761178,12612633,1312.5465698242188,1385.52185546875,1.2419645590951989
2024-11-18,1255.7347412109375,1267.8364328732807,1238.951794764919,1262.55746761959,13620611,1307.638671875,1380.8958325195313,-0.5403915411881233
2024-11-19,1236.710693359375,1276.4021442257297,1230.236550606767,1255.734688515481,14183746,1301.2865417480468,1376.4500903320313,-1.514973443612555
2024-11-21,1218.1348876953125,1239.0014996478671,1212.407761281373,1236.7107220331202,19433843,1295.2929809570312,1371.6801416015626,-1.5020332373453904
2024-11-22,1260.3662109375,1263.8024380613526,1217.586994857739,1224.509420421979,20471957,1291.6512756347656,1367.7732446289062,3.4668839771996307
2024-11-25,1281.8802490234375,1299.260783408558,1277.3483005192684,1284.868314871977,28923341,1289.0217712402343,1364.4963305664062,1.7069672210535236
2024-11-26,1290.545654296875,1292.687125909721,1279.0914013187908,1289.7986377983043,9247557,1287.4206665039062,1360.8289770507813,0.67599179252813
2024-11-27,1288.0555419921875,1298.6632001168684,1280.8842325588682,1288.3543972122054,9572746,1285.3713500976562,1357.2547509765625,-0.19295034595612215
2024-11-28,1265.7447509765625,1291.442044503892,1264.0017125526565,1284.818474176107,15027412,1281.925115966797,1353.25970703125,-1.7321295773564005
2024-11-29,1287.0595703125,1294.3305794929802,1270.177046170391,1274.9081506356404,13202307,1279.3503967285155,1349.6720336914063,1.6839745390603067
2024-12-02,1303.9422607421875,1306.133460567327,1271.9699779978703,1282.876370557777,11024152,1278.2099548339843,1346.5983129882814,1.3117256434050262
2024-12-03,1318.035888671875,1321.5219654799555,1301.8006823317874,1311.7609017834461,16869482,1277.4455078125,1343.6824584960937,1.0808475462453115
2024-12-04,1303.742919921875,1323.1156203515295,1298.8625094957517,1320.7251432865569,19608540,1277.7841491699219,1340.1570361328124,-1.0844142312697147
2024-12-05,1316.7908935546875,1324.6593698468237,1300.9541199209712,1309.1214514378748,16858723,1278.6183166503906,1336.7441674804688,1.0008087816572253
2024-12-06,1306.3326416015625,1318.6334884089777,1304.7887589399247,1318.6334884089777,9037514,1277.9310607910156,1333.20181640625,-0.7942226821521237
2024-12-09,1289.9979248046875,1309.7689372979064,1287.9560310594236,1297.8166732313093,14650002,1277.4081481933595,1329.2416357421876,-1.250425525373744
2024-12-10,1279.73876953125,1289.7488386952925,1275.107243177966,1284.121290398709,16043729,1277.4629272460938,1324.9965893554688,-0.7952846338873609
2024-12-11,1273.115234375,1284.8683422637005,1270.9738844056644,1279.8882324099652,11724373,1277.736834716797,1320.05681640625,-0.5175693128900094
2024-12-12,1257.876220703125,1273.1152845047754,1255.5853214463157,1264.9479526569407,20906813,1277.1715942382812,1315.8003173828124,-1.19698620049552
2024-12-13,1267.78662109375,1270.1272485556606,1234.6688884780408,1254.9877622795104,28630222,1278.2074584960938,1311.97609375,0.7878676953671393
2024-12-16,1263.2547607421875,1275.904191603511,1261.511722229068,1269.9280595585296,9486781,1278.2423217773437,1309.2136279296874,-0.3574623896608675
2024-12-17,1240.34619140625,1258.8721754853295,1237.8561365143116,1256.033537225462,17462791,1277.4728942871093,1306.4003637695312,-1.8134560064890004
2024-12-18,1248.2645263671875,1254.9378248920182,1235.714673937889,1235.714673937889,12670179,1278.0505859375,1304.0602099609375,0.6383971681293232
2024-12-19,1225.55517578125,1239.947766097918,1224.1109925687356,1234.0712121990753,14244653,1278.4216003417969,1300.73548828125,-1.8192738883663018
2024-12-20,1200.50537109375,1234.5692750261348,1196.7204388413884,1219.1309339507777,20312896,1275.4285583496094,1297.362958984375,-2.043955684943488
2024-12-23,1217.437744140625,1222.3181546925216,1208.3738466363206,1210.1667348774333,10052824,1272.2064331054687,1294.399794921875,1.4104370921263154
2024-12-24,1217.8858642578125,1228.6429501715868,1216.1428258096823,1217.4377030050357,6734917,1268.5734436035157,1291.424677734375,0.03680846263756088
2024-12-26,1211.7105712890625,1222.8161189414398,1209.4196721335327,1219.3798917928577,10016178,1264.7561950683594,1288.317587890625,-0.5070502212055183
2024-12-27,1216.1927490234375,1223.0154756156849,1212.1588111658666,1213.4536884394554,7000397,1262.2785949707031,1285.8678735351561,0.36990497900886155
2024-12-30,1205.8837890625,1218.3340640862093,1203.294156174512,1211.5611874241417,8818766,1258.2198059082032,1283.0117797851562,-0.8476419522493672
2024-12-31,1210.6148681640625,1214.2503727116298,1201.3519366916562,1203.1945530395503,6405475,1253.5534362792969,1280.2034936523437,0.39233292166906963
2025-01-01,1216.391845703125,1221.4218053468785,1206.7802092584152,1210.0172807004092,5892590,1248.4712341308593,1277.4534765625,0.4771936716607028
2025-01-02,1236.860107421875,1239.4994683243335,1215.1467802555553,1216.3918076943417,15486276,1245.1270935058594,1274.9156127929687,1.6827029703506913
2025-01-03,1246.1729736328125,1257.0296379589822,1230.5852047154665,1238.9518139936486,15521102,1241.5961975097657,1273.0789501953125,0.7529441814037696
2025-01-06,1213.15478515625,1256.9797527645217,1210.1667191829588,1248.961727102304,14816766,1236.9373046875,1270.6780395507812,-2.6495670484899647
2025-01-07,1235.913818359375,1239.5493228115217,1216.3918123612464,1217.1388288273843,10070505,1234.2330993652345,1268.7069091796875,1.8760205607393887
2025-01-08,1260.4658203125,1265.9937909556584,1240.395953024955,1244.0314575822304,19346579,1233.2694519042968,1267.4648706054688,1.986546439436765
2025-01-09,1249.758544921875,1264.6988742096441,1243.0852464738894,1261.9598138402198,12794704,1232.1016174316405,1265.8792041015624,-0.8494697133453744
2025-01-10,1236.959716796875,1251.750618829338,1231.0831628192257,1248.8621307808614,8120332,1231.0557922363282,1263.925009765625,-1.024104070102605
2025-01-13,1234.9178466796875,1240.2963897717905,1221.5213994754447,1225.1070543419412,13764861,1229.412353515625,1261.8522875976562,-0.16507167448225335
2025-01-14,1233.822265625,1248.3641626627486,1222.3680125031533,1239.1509590647415,13095266,1227.9407287597655,1259.9937109375,-0.08871691810375948
2025-01-15,1247.2186279296875,1251.9995818882041,1236.90982514039,1239.9974688456068,9578856,1228.2843505859375,1258.2715869140625,1.0857611082177643
2025-01-16,1261.4119873046875,1269.9280238633037,1246.3223515830243,1253.8920943102864,14117603,1228.9417236328125,1257.5604248046875,1.138000913164694
2025-01-17,1297.169189453125,1320.7251333812799,1279.888232575373,1316.9900509904955,29366277,1232.5224243164062,1257.5016577148438,2.8346965549963965
2025-01-20,1300.2568359375,1310.764916385877,1295.0775703121099,1310.764916385877,14040244,1237.5099975585938,1257.1052392578124,0.2380295885440198
2025-01-21,1268.6331787109375,1307.776892128252,1265.1471016946018,1305.2868371165837,14562976,1240.0697692871095,1256.468779296875,-2.432108515219722
2025-01-22,1272.0196533203125,1277.7966294698952,1263.6530443254642,1273.2149526536994,10273590,1242.7764587402344,1256.33630859375,0.26693883355755066
2025-01-23,1258.6231689453125,1272.2686211078578,1256.581275301743,1264.9478840486133,8720682,1245.122088623047,1256.1560302734374,-1.0531664616998282
2025-01-24,1241.34228515625,1267.9360243063209,1238.5533748820974,1260.9638702056575,14235970,1246.3795654296875,1255.5992553710937,-1.3729990211083898
2025-01-27,1224.4595947265625,1235.515414368934,1215.1468135462453,1234.1708090151494,9536019,1247.3083557128907,1255.147060546875,-1.3600350710330056
2025-01-28,1229.4896240234375,1239.7984277662488,1213.6528493538253,1233.0752790316255,10568025,1248.2520935058594,1254.485703125,0.4107958579064652
2025-01-29,1230.585205078125,1237.8063647194172,1223.1648896668228,1231.0832160878692,5928156,1248.9617614746094,1253.9827124023439,0.08910860517084007
2025-01-30,1248.0654296875,1251.9996679975989,1227.497550840604,1230.635044492625,9269259,1249.5220275878905,1254.2098071289063,1.4204806410186954
2025-01-31,1260.0673828125,1261.9598488917904,1244.0314532484974,1250.8541794958078,6584612,1250.216748046875,1255.04845703125,0.9616445451906319
2025-02-01,1259.5693359375,1265.495739501575,1236.0632421918099,1260.0673469134033,7118453,1252.5374755859375,1255.03251953125,-0.03952541600500403
2025-02-03,1240.94384765625,1251.003645649064,1232.6270881824535,1246.0235355947286,9252345,1252.7889770507813,1254.2137915039064,-1.4787187771117871
2025-02-04,1280.08740234375,1283.6731787459128,1241.6409781641657,1243.0852829885687,16691069,1253.7700561523438,1254.0046264648438,3.1543373023227295
2025-02-05,1273.115234375,1285.366353249074,1271.6212014188793,1277.5476050956522,10112028,1254.937890625,1253.7058203125,-0.5446634312613718
2025-02-06,1276.4520263671875,1282.8763195509282,1265.2965071593937,1268.6331564996678,9956001,1256.9125061035156,1253.9199658203124,0.2620966195432839
2025-02-07,1261.6610107421875,1278.5933846345008,1256.979756005846,1271.073491533156,8764283,1258.2496643066406,1253.4119946289063,-1.1587600097353934
2025-02-10,1248.6629638671875,1261.461821832557,1240.5952102474196,1259.469777897567,6970972,1258.99169921875,1252.3064086914062,-1.0302329044276082
2025-02-11,1229.937744140625,1259.5196705337273,1225.2066396338644,1259.5196705337273,8859714,1258.1276550292969,1250.5444458007812,-1.4996216167547205
2025-02-12,1211.7105712890625,1222.0193743195214,1188.6027887286011,1214.5989377224967,21131654,1255.6425842285157,1248.703798828125,-1.4819589803139244
2025-02-13,1211.2623291015625,1223.1150152108587,1207.1786632211406,1212.2086229517822,8511216,1251.3472412109375,1246.5932275390626,-0.03699251274362769
2025-02-14,1212.40771484375,1219.1308629852126,1200.6546072366423,1214.1507532507958,10298145,1246.95478515625,1244.7147290039063,0.09456132785348181
2025-02-17,1220.02734375,1222.6169765728448,1199.7084711054922,1206.2821918357026,8166683,1244.5244934082032,1243.3153173828125,0.6284708364159508
2025-02-18,1220.525390625,1225.0074896525716,1211.2623373341316,1219.9775298877432,6673250,1241.9497802734375,1242.1310498046876,0.04082259939102162
2025-02-19,1222.567138671875,1227.8461038341088,1212.706618273488,1214.6488125132394,6217338,1240.1469787597657,1241.120087890625,0.16728435660231522
2025-02-20,1228.0950927734375,1234.4198079853766,1217.1388510698625,1219.0810452834291,7795582,1239.484619140625,1240.5244653320312,0.4521595523635513
2025-02-21,1223.264404296875,1235.0672403005465,1217.2882724889691,1223.8121434284387,6904025,1239.4248596191405,1239.6340209960938,-0.3933480806973422
2025-02-24,1209.718505859375,1218.3838481751116,1205.68456833515,1211.7105497558396,7172498,1238.4363037109374,1238.5632958984374,-1.107356544498339
2025-02-25,1199.21044921875,1216.1428226711741,1196.7203942992758,1206.1826029932777,11552182,1236.8675659179687,1237.7405810546875,-0.8686365125215811
2025-02-27,1202.298095703125,1210.166693583284,1195.8738026303336,1207.975493883109,11509215,1234.57919921875,1236.8212524414062,0.25747328055609753
2025-02-28,1195.325927734375,1212.5073065135477,1188.5530513693543,1197.218393771922,23007298,1231.3421264648437,1236.2166674804687,-0.579903436066953
2025-03-03,1166.5906982421875,1201.6506219268736,1151.4013636439433,1199.2104168056296,17944938,1226.6931945800782,1235.5383740234374,-2.403966050217987
2025-03-04,1157.2779541015625,1169.3297956512124,1154.9373267832577,1157.576687742468,11377373,1222.5098999023437,1234.3351782226562,-0.7982871931567215
2025-03-05,1170.9234619140625,1178.2940491759787,1152.3974766666165,1156.3815647449799,8664095,1217.0517028808595,1233.3959301757814,1.1791037549914618
2025-03-06,1204.7882080078125,1209.1208794668382,1180.4355183146993,1192.2383549047067,14468014,1213.6353515625,1233.2574829101563,2.892140024113332
2025-03-07,1244.828369140625,1249.8084792402678,1207.178688153437,1211.1627762331514,16474965,1212.0541687011719,1233.8301953125,3.3234190762060356
2025-03-10,1233.4736328125,1252.9956391209716,1230.4855669004469,1240.0473535020744,11931051,1210.6447998046874,1234.3819921875,-0.912152760140239
2025-03-11,1242.3382568359375,1244.5294565449083,1224.858022557904,1235.0672477916657,10089838,1210.328564453125,1235.0164599609375,0.7186715457569104
2025-03-12,1252.0494384765625,1257.9757204337955,1239.0513034201438,1252.995610693361,11977555,1211.434149169922,1235.7296118164063,0.7816857918678366
2025-03-13,1242.9359130859375,1259.1212710412995,1238.901975238559,1255.0376050433522,9505270,1212.9954162597655,1235.8511279296874,-0.7278886208929469
2025-03-17,1233.9217529296875,1252.3980085038181,1228.1946267891797,1237.208673957254,16640917,1214.1283874511719,1235.606103515625,-0.7252312899922453
2025-03-18,1233.9217529296875,1233.9217529296875,1233.9217529296875,1233.9217529296875,0,1215.2040893554688,1236.0214428710938,0.0
2025-03-19,1242.1888427734375,1248.2645525643281,1233.8720835165427,1236.113132982547,16162399,1216.3121643066406,1236.146943359375,0.6699849341436304
2025-03-20,1264.101318359375,1267.9359786597456,1245.0773228865291,1246.8700894970418,15971477,1218.4909606933593,1236.2196533203125,1.7640212849612702
2025-03-21,1271.2725830078125,1275.9041093610767,1265.0474458622177,1269.927977701306,21780769,1220.9262329101562,1236.6499340820312,0.5673014136038379
2025-03-24,1296.920166015625,1300.8046759652354,1279.141198398433,1285.86434660882,20299319,1224.3674865722655,1237.8491430664062,2.017473148609139
2025-03-25,1280.33642578125,1302.497915186312,1277.4977874103538,1302.497915186312,13713899,1227.2210876464844,1238.7575146484376,-1.2787017018420888
2025-03-26,1267.98583984375,1288.6532960847499,1263.7028966635362,1285.8643858858131,12074747,1230.134454345703,1239.4407861328125,-0.9646359885421396
2025-03-27,1273.115234375,1279.8882324099652,1266.242780044616,1273.0655062272906,15028056,1233.8296936035156,1239.9587182617188,0.4045309001149411
2025-03-28,1270.027587890625,1290.5954658598978,1263.9518781988888,1274.9081198538831,18147129,1237.2161682128906,1240.1310302734375,-0.24252686646160093
2025-04-01,1247.6170654296875,1272.8164693011493,1244.330265958221,1259.5693287834792,12099648,1239.8307250976563,1239.1399877929687,-1.7645697364857216
2025-04-02,1246.1729736328125,1250.5554948342144,1238.9518139936486,1242.5873186806543,10142590,1243.8098388671874,1238.058310546875,-0.1157479996779065
2025-04-03,1243.732666015625,1246.8204315907722,1228.145018441354,1228.145018441354,7434366,1248.1325744628907,1237.5603002929688,-0.19582414871938125
2025-04-04,1199.9075927734375,1240.4954871764826,1188.4036122186155,1236.1628160172713,17908652,1249.5817810058593,1236.1180590820313,-3.5236730882516665
2025-04-07,1161.062744140625,1166.590714623955,1110.415052053189,1127.6960086529814,22156106,1247.3955078125,1234.1668505859375,-3.237320012537581
2025-04-08,1177.4971923828125,1191.8399338970503,1158.6724733291408,1167.3378163352843,19555040,1244.0289489746094,1232.8899487304689,1.4154659879601628
2025-04-09,1180.6346435546875,1185.0670143686195,1163.3536863154889,1164.8477193030515,10223104,1241.3869995117188,1232.0134497070312,0.26645084100167526
2025-04-11,1214.1009521484375,1217.786306450343,1190.3957018139643,1190.3957018139643,11224242,1239.9751342773438,1231.7056762695313,2.834603302253491
2025-04-15,1235.1668701171875,1246.0235343416643,1232.1788040875913,1246.0235343416643,13378535,1239.131005859375,1231.7973095703126,1.7351043116696552
2025-04-16,1234.3701171875,1235.9637280756608,1224.1110419207541,1229.1907298200806,8248464,1238.7027160644532,1231.5234033203126,-0.06450569141414064
2025-04-17,1269.4300537109375,1275.1073305428426,1222.7165970526498,1235.266450081142,15398401,1240.4781311035156,1231.7106567382812,2.8403098904663304
2025-04-21,1290.346435546875,1295.7249783909904,1261.9598099867933,1264.947875835223,10429964,1243.299365234375,1232.3261987304688,1.6476986482864886
2025-04-22,1286.0635986328125,1298.713151385602,1281.1831879455033,1294.8286411452223,13051707,1245.4931030273438,1233.22859375,-0.3319137245686554
2025-04-23,1294.82861328125,1300.8047453425481,1280.286716249035,1291.840547250601,10480888,1247.0294677734375,1233.52341796875,0.6815381959146771
2025-04-24,1296.4222412109375,1299.3107293954529,1285.1672652984741,1287.2588872304611,10468940,1248.2869506835937,1233.9895581054689,0.12307636032609093
2025-04-25,1295.22705078125,1319.928323767296,1282.9759313802824,1298.3146947064158,14431012,1248.202294921875,1234.36505859375,-0.092191447484824
2025-04-28,1363.35498046875,1369.1318351951852,1314.9482133535364,1334.669497851195,31104496,1252.35322265625,1236.3989379882812,5.259921775599641
2025-04-29,1394.1319580078125,1405.2874774645995,1364.5501529607263,1365.5461749701867,32538970,1258.6605285644532,1239.3083178710938,2.2574441711784132
2025-04-30,1399.410888671875,1406.7814756764847,1363.5540972183608,1396.4228227174156,25480745,1264.9753112792969,1242.6977807617188,0.37865358682445116
2025-05-02,1414.152099609375,1421.024554216323,1403.4945911426703,1408.3751233126775,13007841,1272.1815368652344,1246.746611328125,1.05338689707426
2025-05-05,1425.6063232421875,1433.773654928142,1421.2238021682567,1425.3074680112338,12685649,1281.0809997558595,1251.0334912109374,0.8099711223408246
2025-05-06,1415.2476806640625,1426.3035005201455,1404.9886054552057,1425.3074785225756,14084117,1289.534735107422,1255.0902905273438,-0.7266131195719505
2025-05-07,1400.4068603515625,1418.733688530858,1397.1199392858432,1415.2476117092147,13440169,1297.3684448242188,1258.697880859375,-1.0486376706539735
2025-05-08,1401.4029541015625,1415.1481063364454,1392.438756100913,1398.51446598441,16106175,1307.443212890625,1262.3154321289062,0.07112888248419491
2025-05-09,1371.721435546875,1389.251519832932,1369.032224808638,1379.9884666950659,13668904,1317.9761474609375,1265.2985180664064,-2.1179860130747574
2025-05-12,1430.7855224609375,1433.275577320772,1394.430721507353,1394.430721507353,10674081,1330.6405639648438,1269.3523266601562,4.305836840007893
2025-05-13,1410.0682373046875,1441.9409399606418,1406.7814377941193,1427.7974767909468,11407896,1342.1122436523438,1273.0884033203124,-1.4479658083635383
2025-05-14,1418.7337646484375,1424.2118856620737,1409.8691445094285,1414.3512435205853,5570160,1352.3438842773437,1277.2687084960937,0.6145466662176524
2025-05-15,1448.4151611328125,1455.5865925696291,1407.0802476372012,1419.3313670179805,20177211,1363.006298828125,1282.252802734375,2.0921047503038803
2025-05-16,1450.6064453125,1455.1881221330052,1441.542669553187,1447.4191020051853,9036695,1373.818115234375,1287.2189697265626,0.15128840393894283
2025-05-19,1435.0684814453125,1448.81351147394,1432.4787270944578,1446.3234565863577,6195791,1382.1000366210938,1292.0138208007813,-1.0711357251580567
2025-05-20,1418.932861328125,1439.2517336495314,1416.1440727881434,1432.4787356808251,11270560,1388.5293579101562,1297.0606640625,-1.1243797996968508
2025-05-21,1423.5145263671875,1430.486680037078,1412.458707007589,1418.235682967954,6136364,1395.401904296875,1302.3853955078125,0.32289512519809715
2025-05-22,1403.79345703125,1418.1361984129633,1391.3431818014155,1415.5464438973825,12134466,1400.850146484375,1307.0427954101563,-1.38537886130784
2025-05-23,1421.124267578125,1428.0964217220903,1401.0045498118507,1401.0045498118507,6474883,1407.0852478027343,1311.3695166015625,1.2345698336225563
2025-05-26,1429.0924072265625,1435.2676949623963,1419.430920923106,1426.3034970063507,4842944,1413.778515625,1315.0547973632813,0.5606926734152973
2025-05-27,1416.44287109375,1431.2836233071982,1408.275539274527,1420.4269591196573,12640414,1416.43291015625,1318.7141821289063,-0.8851447302390625
2025-05-28,1407.279541015625,1416.9409060075968,1405.0882196135674,1414.4508509493858,5944611,1417.0902893066407,1322.0130078125,-0.646925496617401
2025-05-29,1412.1600341796875,1414.3512339364067,1402.996558868143,1406.4826358531975,13771917,1417.7277465820312,1325.2152197265625,0.3468033906426582
2025-05-30,1415.2476806640625,1424.9090454066043,1404.0921613404494,1412.3591925541664,13788484,1417.7825256347655,1328.661455078125,0.21864706617111818
2025-06-02,1408.0762939453125,1411.8612262898896,1390.0483195350275,1406.4826830156508,8098668,1416.906024169922,1332.1445458984374,-0.5067230857700444
2025-06-03,1399.908935546875,1420.8253977642241,1397.8173136420837,1416.6421539546416,11252626,1416.1390869140625,1335.4642895507814,-0.5800366381819577
2025-06-04,1417.8372802734375,1420.0284799827916,1400.506473605418,1409.0722382665938,8126827,1417.0106079101563,1338.9772583007812,1.280679355015235
2025-06-05,1436.662109375,1448.913106617055,1417.9368477633755,1422.3193687346825,13716817,1418.7735656738282,1342.4284741210938,1.3277143550585846
2025-06-06,1437.7576904296875,1445.7258660607492,1431.28354772945,1435.2676355449807,8182161,1422.0753784179688,1345.7581762695313,0.07625878399228903
2025-06-09,1443.0367431640625,1451.70208605586,1439.5506661134996,1451.204075048637,7885125,1422.687939453125,1348.6805078125,0.3671726306536005
2025-06-10,1432.777587890625,1448.1163503747662,1430.2875329933524,1444.2318404180787,7913181,1423.8234069824218,1351.7293310546875,-0.7109420686643664
2025-06-11,1443.13623046875,1462.7578142878924,1437.3592545136698,1440.0485867347081,8195700,1425.0435302734375,1355.2323388671875,0.7229763129792621
2025-06-12,1435.865234375,1451.2039968882907,1428.6939248911115,1447.7179200254843,8828114,1424.416033935547,1358.4873388671874,-0.5038329674107223
2025-06-13,1422.2198486328125,1429.7895915718395,1408.6739736495979,1418.335338487147,9757276,1422.9967041015625,1361.5311840820314,-0.9503249619472132
2025-06-16,1432.0804443359375,1436.6621211041454,1418.7337255535563,1421.223780491138,8458093,1422.8473022460937,1365.2204516601562,0.6933242924857197
2025-06-17,1425.506591796875,1442.2398094911548,1420.12817043809,1442.2398094911548,10366599,1423.1759887695312,1368.8071240234376,-0.45904212749101614
2025-06-18,1424.4110107421875,1437.0605628519918,1420.028489708749,1424.3114328610282,6681735,1423.2208129882813,1372.4206909179688,-0.0768555586478592
2025-06-19,1427.598388671875,1434.1721095891817,1420.0285241646616,1424.4110453044384,10007230,1424.4110595703125,1376.9745068359375,0.2237681333301822
2025-06-20,1460.367431640625,1465.148385952672,1422.4190171371765,1425.3075053013417,29010635,1426.3732177734375,1382.9606005859375,2.2953964664555127
2025-06-23,1451.0048828125,1457.9770367383994,1436.2637087352834,1447.2199506188397,5989078,1427.4688415527344,1388.4307543945313,-0.6411091226272259
2025-06-24,1445.0286865234375,1469.1323689599471,1437.359244595668,1459.1721495093714,16402744,1428.8981323242188,1393.7186352539063,-0.41186603572820335
2025-06-25,1461.463134765625,1466.5428226679085,1454.690136506102,1458.1762135192969,7525851,1431.6073120117187,1398.66587890625,1.13730948011328
2025-06-26,1489.3516845703125,1492.8377614283193,1459.2717484446844,1463.2558362824063,14657893,1435.46689453125,1403.7495751953124,1.9082622846425812
2025-06-27,1509.3717041015625,1515.9454247275912,1490.9452978220222,1493.4353527246628,11117052,1440.173095703125,1409.2496069335937,1.3442103526425164
2025-06-30,1494.630615234375,1518.734421010171,1490.0489382705405,1507.7781788170053,8409527,1444.5008117675782,1413.7536181640626,-0.9766374198701411
2025-07-01,1522.320068359375,1525.3081343971446,1494.132596769193,1494.630607775488,10368523,1450.6213684082031,1418.3930908203124,1.8525950721715922
2025-07-02,1512.75830078125,1523.9136988316197,1502.6983810571346,1522.3200879079554,6361002,1455.3674194335938,1422.9269848632812,-0.6281049417176665
2025-07-03,1511.76220703125,1525.8060926058627,1506.9812529023668,1514.7502729656235,11283291,1459.1224243164063,1427.2656567382812,-0.06584619297647087
2025-07-04,1521.2244873046875,1523.913698138102,1511.1645675851503,1517.9375659885409,6603501,1463.2957641601563,1431.7617016601562,0.6259106246622848
2025-07-07,1535.367919921875,1538.65484117058,1518.933556847784,1520.5271677380254,7251074,1467.9123229980469,1436.5645190429686,0.9297400045306103
2025-07-08,1531.4833984375,1538.7544076502807,1524.1128113419518,1529.8897875590692,7171261,1472.8476135253907,1439.9270874023437,-0.25300264737670997
2025-07-09,1512.9573974609375,1544.8301010282516,1504.0927774643353,1530.586937987722,8870660,1476.338671875,1442.3035961914063,-1.2096769051145873
2025-07-10,1511.16455078125,1518.6347158851345,1501.5031858807802,1513.654605815878,10047129,1480.1036376953125,1444.5386694335937,-0.11849948205391314
2025-07-11,1489.2520751953125,1508.9733598189127,1484.3716645666439,1505.9852937598653,7234991,1483.4552490234375,1446.0406689453125,-1.4500390162414223
2025-07-14,1477.7977294921875,1494.0329360309418,1473.2160528053016,1486.263916129696,10311846,1485.74111328125,1447.0844970703124,-0.7691341105986238
2025-07-15,1479.4910888671875,1490.5469086437597,1476.503022895967,1480.2878335086834,8132454,1488.4403381347656,1448.369365234375,0.1145866813303309
2025-07-16,1479.690185546875,1485.068728397248,1465.6463003598592,1467.1403332858122,10409983,1491.204296875,1449.9550317382811,0.013457105702463501
2025-07-17,1470.52685546875,1483.674296790977,1468.0368005528198,1481.4830970988435,11854613,1493.3507202148437,1451.337509765625,-0.6192735592645882
2025-07-18,1470.12841796875,1478.8934598804974,1463.2558421043927,1478.8934598804974,10296318,1493.83876953125,1453.3056494140626,-0.027094880893763218
2025-07-21,1422.9169921875,1470.128458883213,1417.4388712363768,1459.1722169809668,22442744,1492.434375,1453.1482788085937,-3.2113810742112725
2025-07-22,1407.179931640625,1426.2039275426996,1405.0881881707605,1421.721828538219,20396320,1490.5419372558595,1453.0905126953126,-1.1059717912765832
2025-07-23,1418.932861328125,1420.3273163904719,1408.7734859597779,1420.3273163904719,8354596,1488.4154235839844,1453.0944946289062,0.8352115762336965
2025-07-24,1397.3192138671875,1417.3392306864348,1390.4466381154343,1413.554298653669,14740507,1483.8138000488282,1452.0725756835936,-1.5232325679389147
2025-07-25,1386.1636962890625,1395.4267490386208,1378.593953801798,1393.3351272649268,11854722,1477.6533996582032,1450.783720703125,-0.7983514051346452
2025-07-28,1382.080078125,1402.199795115413,1379.490445288333,1386.7614543919697,7748361,1472.0258728027343,1449.7239526367186,-0.2945985510221405
2025-07-29,1411.4627685546875,1414.550412474214,1377.4984422704579,1377.4984422704579,10750072,1466.4830078125,1449.57455078125,2.125975975975969
2025-07-30,1404.4906005859375,1417.6381639620695,1395.7256799199,1412.458776601272,7209849,1461.0696228027343,1449.194072265625,-0.4939675437482083
2025-07-31,1384.669677734375,1397.0203743336986,1376.7015020683227,1382.5780559389787,17065827,1454.7149963378906,1448.8115966796875,-1.4112535066659326
2025-08-01,1388.15576171875,1400.3073026227253,1378.7932525308158,1381.3828853186424,10321171,1448.0615600585938,1448.1522265625,0.2517628601558686
2025-08-04,1405.885009765625,1410.466686507784,1386.1637261382157,1389.5502251510159,6312820,1441.5874145507812,1447.6880786132813,1.2771800208446038
2025-08-05,1386.1636962890625,1405.38696851784,1382.5780415934858,1405.38696851784,9315972,1434.3214294433594,1447.0824951171876,-1.4027686005308682
2025-08-06,1387.259521484375,1390.3471654369864,1377.797312271222,1386.3630773472378,5834312,1428.0365356445313,1446.6820947265626,0.07905453001302298
2025-08-07,1383.8729248046875,1388.1557462486337,1360.5659868045632,1382.1796145349972,9976705,1421.6719543457032,1446.1163525390625,-0.24412135056487427
2025-08-08,1362.35888671875,1391.6418351007062,1359.569976594415,1379.4904158119157,8793606,1415.327294921875,1445.0585766601562,-1.5546252622128498
2025-08-11,1380.6856689453125,1382.4785572067015,1355.7851185633474,1364.5501609316866,9997486,1410.4716918945312,1444.5107641601562,1.345224258102995
2025-08-12,1374.9088134765625,1396.3232867936674,1369.7294260490362,1376.4028464986861,12244664,1405.242578125,1444.01076171875,-0.41840482585460137
2025-08-13,1377.0999755859375,1386.2634508216695,1372.0202877666845,1382.4785186353236,7457021,1400.1130676269531,1443.196015625,0.1593678131886156
2025-08-14,1373.800048828125,1380.699951171875,1370.0999755859375,1377.300048828125,7126128,1395.2767272949218,1441.9387744140624,-0.23962869917331098
2025-08-18,1381.699951171875,1394.9000244140625,1377.0,1390.0,11785109,1390.8553039550782,1440.8176196289062,0.5750401851047249
2025-08-19,1420.0999755859375,1421.0,1389.0999755859375,1390.0,14384719,1390.714453125,1440.3588842773438,2.7791869270527236
2025-08-20,1413.0,1424.9000244140625,1410.0,1413.0,8725641,1391.0054565429687,1439.9633325195311,-0.49996308062804085
2025-08-21,1424.800048828125,1431.9000244140625,1420.300048828125,1425.0,11021323,1391.2988159179688,1439.5966088867187,0.835106074177272
2025-08-22,1409.199951171875,1423.4000244140625,1407.9000244140625,1420.0,5818868,1391.8928527832031,1439.0633032226563,-1.0948973274587437
2025-08-25,1412.5999755859375,1419.5,1405.699951171875,1414.699951171875,5979407,1393.214666748047,1438.8709057617189,0.24127338432242684
2025-08-26,1384.9000244140625,1410.0,1381.5999755859375,1408.0,12145259,1393.3556640625,1437.9272973632812,-1.960919697764063
2025-08-28,1385.9000244140625,1392.199951171875,1366.5,1389.9000244140625,13161813,1392.0775268554687,1437.135166015625,0.07220737832127622
2025-08-29,1357.199951171875,1403.5,1350.0,1381.0999755859375,18758842,1389.7129943847656,1435.7909448242187,-2.070861731481788
2025-09-01,1353.9000244140625,1363.199951171875,1340.5999755859375,1356.0,11232238,1388.17451171875,1434.3169775390625,-0.2431422691227758
2025-09-02,1366.5,1384.5,1354.5,1354.800048828125,11517006,1387.0917236328125,1432.43962890625,0.9306429838784158
2025-09-03,1372.5999755859375,1376.5,1360.5,1369.699951171875,7847563,1385.427471923828,1430.8715307617188,0.4463941153265649
2025-09-04,1359.300048828125,1374.0,1357.0999755859375,1371.800048828125,13223177,1384.0842895507812,1429.1569580078126,-0.9689586911244885
2025-09-05,1375.0,1381.0,1359.300048828125,1363.0,5777575,1383.4713134765625,1427.4276953125,1.1550026195769059
2025-09-08,1378.5,1386.0,1372.4000244140625,1380.0,6986720,1383.2026672363281,1425.2106616210938,0.25454545454546285
2025-09-09,1376.199951171875,1381.199951171875,1368.699951171875,1376.5999755859375,9754452,1383.8947204589845,1422.5472265625,-0.16685156533369216
2025-09-10,1377.0,1388.5,1374.0999755859375,1383.9000244140625,7790815,1383.7104370117188,1420.1946142578124,0.05813463570054633
2025-09-11,1383.300048828125,1385.5,1375.0,1376.0,9766072,1384.1299987792968,1417.4142138671875,0.45751988584785686
2025-09-12,1395.0,1396.300048828125,1380.5,1383.300048828125,7403368,1385.025,1415.0590478515626,0.8457999536533478
2025-09-15,1399.300048828125,1400.800048828125,1388.5999755859375,1393.0,5396697,1386.3,1412.8098046875,0.30824722782258895
2025-09-16,1405.300048828125,1408.0,1398.199951171875,1404.699951171875,8686961,1387.4800048828124,1410.4913159179687,0.4287858065198158
2025-09-17,1413.800048828125,1416.199951171875,1406.9000244140625,1407.0,7519417,1387.1650085449219,1408.0599584960937,0.6048530352708692
2025-09-18,1415.0,1422.0,1410.699951171875,1420.4000244140625,9332642,1387.2650085449218,1405.7302905273436,0.08487417813216602
2025-09-19,1407.4000244140625,1417.0,1403.5999755859375,1414.9000244140625,13461373,1386.3950073242188,1403.6191430664062,-0.5371007481227874
2025-09-22,1390.5999755859375,1410.699951171875,1388.0,1403.9000244140625,7757970,1385.4650085449218,1401.2078515625,-1.1936939417859782
2025-09-23,1389.800048828125,1395.0,1376.800048828125,1391.0,14014702,1384.3250122070312,1399.2188110351562,-0.05752385818038608
2025-09-24,1383.0,1396.0,1380.4000244140625,1385.300048828125,5922759,1384.2300109863281,1397.3228564453125,-0.48928252908457814
2025-09-25,1372.4000244140625,1384.5,1369.0,1381.300048828125,11411143,1383.5550109863282,1395.18103515625,-0.7664479816296144
2025-09-26,1377.5999755859375,1382.699951171875,1366.0,1372.0,9879109,1384.5750122070312,1393.1392309570313,0.3788947157804978
2025-09-29,1372.800048828125,1389.0,1368.0,1381.5999755859375,14231999,1385.5200134277343,1391.1846948242187,-0.3484267452727674
2025-09-30,1364.0,1377.0999755859375,1362.800048828125,1377.0999755859375,14604684,1385.3950134277343,1389.0621264648437,-0.641029175052632
2025-10-01,1368.699951171875,1378.5999755859375,1362.699951171875,1367.0,12045916,1385.2000122070312,1387.9777856445312,0.34457120028408283
2025-10-03,1363.4000244140625,1371.5999755859375,1356.9000244140625,1363.199951171875,12842347,1385.405010986328,1387.1021875,-0.3872234198061264
2025-10-06,1375.0,1377.4000244140625,1359.0,1360.0,12396580,1385.405010986328,1386.2235302734375,0.8508123352075403
2025-10-07,1384.800048828125,1395.9000244140625,1375.9000244140625,1376.0,11244040,1385.7200134277343,1385.9731469726562,0.7127308238636276
2025-10-08,1367.4000244140625,1389.0,1364.5,1384.800048828125,8525081,1385.2800170898438,1385.5978735351562,-1.2565008521473686
2025-10-09,1377.800048828125,1380.0,1369.0999755859375,1374.0,8826633,1385.32001953125,1385.5122729492186,0.760569272222944
2025-10-10,1381.699951171875,1388.0,1375.0999755859375,1377.800048828125,6373084,1385.2400146484374,1384.9170166015624,0.2830528527754783
2025-10-13,1375.0,1377.699951171875,1367.800048828125,1376.9000244140625,7600682,1384.2400146484374,1384.3272045898439,-0.484906376828953
2025-10-14,1375.9000244140625,1388.0,1370.0999755859375,1380.0,9768174,1383.0700134277345,1384.1518115234376,0.06545632102272769
2025-10-15,1374.300048828125,1384.0,1372.699951171875,1383.0,10882743,1381.5200134277343,1383.874697265625,-0.11628574442528183
2025-10-16,1398.300048828125,1400.5,1375.0,1375.0999755859375,12315932,1380.7450134277344,1383.722998046875,1.7463435310553166
2025-10-17,1416.800048828125,1423.300048828125,1399.0999755859375,1401.0,19335561,1380.8350158691405,1384.3357250976562,1.3230350678671732
2025-10-20,1466.800048828125,1473.800048828125,1433.300048828125,1440.0,24721978,1383.8050170898437,1385.9265356445312,3.5290794944111026
2025-10-21,1465.199951171875,1474.0,1460.0,1468.0,2066169,1387.5350158691406,1387.553076171875,-0.10908764678105864
2025-10-23,1448.4000244140625,1482.9000244140625,1444.5999755859375,1475.0,18707090,1390.4650146484375,1389.2738989257812,-1.1465961860274265
2025-10-24,1451.5999755859375,1459.800048828125,1441.0,1450.0,9700837,1393.8950134277343,1390.6921850585939,0.22093006889927214
2025-10-27,1484.0999755859375,1485.0,1458.0,1463.0,14113867,1399.4800109863281,1392.8760083007812,2.2389088279559433
2025-10-28,1486.9000244140625,1492.0,1477.5999755859375,1484.0999755859375,17631577,1404.9450134277345,1395.0720092773438,0.18866982509178065
2025-10-29,1504.199951171875,1508.300048828125,1488.0999755859375,1490.0,11884745,1411.5150085449218,1397.6800073242186,1.1634895738622308
2025-10-30,1488.5,1503.0999755859375,1484.0,1500.0,9318663,1417.740008544922,1399.8160083007813,-1.043740970716267
2025-10-31,1486.4000244140625,1497.5,1482.300048828125,1490.4000244140625,8758053,1423.6250122070312,1401.1420092773437,-0.14107998561890822
2025-11-03,1484.699951171875,1495.0,1479.300048828125,1486.0,8452085,1429.690008544922,1402.5760083007813,-0.11437521624487745
2025-11-04,1473.0999755859375,1492.800048828125,1470.0999755859375,1483.9000244140625,10007806,1434.5950073242188,1403.5420068359374,-0.7813010013761779
2025-11-06,1496.0999755859375,1501.5999755859375,1476.199951171875,1484.0,16772678,1440.1600036621094,1405.2800073242188,1.561333268697629
2025-11-07,1478.0,1498.4000244140625,1475.9000244140625,1494.5999755859375,7821765,1445.6900024414062,1406.5880078125,-1.209810566225611
2025-11-10,1489.300048828125,1501.0,1475.5,1477.9000244140625,7068438,1451.2650024414063,1408.6760083007812,0.7645499883710993
2025-11-11,1493.4000244140625,1498.800048828125,1480.199951171875,1497.0,7127506,1456.8500061035156,1410.8260083007813,0.2752954711284339
2025-11-12,1511.5,1524.699951171875,1500.0,1505.0,12384459,1463.6750061035157,1413.9120092773437,1.2119978096986506
2025-11-13,1510.9000244140625,1522.0999755859375,1506.800048828125,1515.0,7196443,1470.4250061035157,1417.0520092773438,-0.03969405133559256
2025-11-14,1518.9000244140625,1520.9000244140625,1505.5,1505.5,7682823,1477.6550048828126,1420.100009765625,0.5294857284221965
2025-11-17,1518.300048828125,1523.699951171875,1511.5,1520.9000244140625,5871416,1483.6550048828126,1423.0140112304687,-0.039500663394154145
2025-11-18,1519.4000244140625,1527.800048828125,1510.5,1521.699951171875,11045042,1488.7850036621094,1426.2160107421876,0.07244783972617519
2025-11-19,1518.9000244140625,1522.300048828125,1512.0,1517.4000244140625,5692366,1491.3900024414063,1429.0940112304688,-0.03290772620546667
2025-11-20,1549.0999755859375,1550.9000244140625,1526.699951171875,1530.0,18171724,1495.5850036621093,1432.5060107421875,1.9882777461620593
2025-11-21,1546.5999755859375,1557.800048828125,1540.0999755859375,1541.0,9615271,1500.4950012207032,1435.9140112304688,-0.16138403197988316
2025-11-24,1535.9000244140625,1550.0,1531.800048828125,1550.0,18433951,1504.7100036621093,1439.09201171875,-0.6918370193185419
2025-11-25,1539.699951171875,1559.5999755859375,1525.0999755859375,1535.9000244140625,15033482,1507.4900024414062,1442.220009765625,0.2474071682668333
2025-11-26,1569.9000244140625,1571.5999755859375,1540.5,1542.300048828125,14054299,1511.6400024414063,1445.7180102539062,1.9614258751649682
2025-11-27,1563.4000244140625,1575.5,1556.0,1575.0,9794643,1514.6000061035156,1449.000009765625,-0.4140391043325198
2025-11-28,1567.5,1581.300048828125,1563.0,1568.0,8959508,1518.5500061035157,1452.2440087890625,0.26224737891213934
2025-12-01,1566.0999755859375,1577.5,1563.5999755859375,1575.0,8920233,1522.5350036621094,1455.2900073242188,-0.08931575209329967
2025-12-02,1546.300048828125,1567.5,1542.0,1561.0999755859375,11389150,1525.615008544922,1457.9160083007812,-1.2642824255459595
2025-12-03,1538.800048828125,1552.4000244140625,1533.0,1545.199951171875,6090883,1528.9000122070313,1460.5440087890624,-0.4850287630582373
2025-12-04,1535.5999755859375,1560.5,1517.5999755859375,1536.0,11867930,1530.8750122070312,1463.4440087890625,-0.20795900316122884
2025-12-05,1540.5999755859375,1545.800048828125,1520.5999755859375,1530.4000244140625,10183266,1534.0050109863282,1466.4600073242189,0.32560563164194534
2025-12-08,1543.0,1551.0,1535.0,1539.199951171875,11301491,1536.690008544922,1469.6600073242187,0.15578504816928795
2025-12-09,1529.4000244140625,1542.5,1520.0999755859375,1540.300048828125,11503971,1538.490008544922,1472.8000073242188,-0.8813982881359372
2025-12-10,1536.9000244140625,1547.5,1531.4000244140625,1534.0,7991629,1539.760009765625,1475.9860083007814,0.49038837977484206
2025-12-11,1545.0,1550.0,1524.0,1536.9000244140625,4706197,1541.4650085449218,1479.4300073242186,0.5270333435660968
2025-12-12,1556.5,1559.800048828125,1546.0999755859375,1550.800048828125,5106655,1543.3450073242188,1483.2800073242188,0.7443365695792847
2025-12-15,1556.199951171875,1558.5999755859375,1546.5,1551.199951171875,5774543,1545.2400024414062,1487.0300073242188,-0.0192771492531274
2025-12-16,1542.300048828125,1551.699951171875,1538.800048828125,1545.0,11731856,1546.3850036621093,1490.6080078125,-0.8931951407197269
2025-12-17,1544.4000244140625,1550.0,1539.300048828125,1550.0,7116649,1547.6600036621094,1493.9960083007813,0.1361586928259051
2025-12-18,1544.4000244140625,1551.5,1535.199951171875,1535.199951171875,6580829,1547.4250061035157,1497.1880078125,0.0
2025-12-19,1565.0999755859375,1574.199951171875,1551.0,1554.4000244140625,13937275,1548.3500061035156,1501.1420068359375,1.3403231575140895
2025-12-22,1575.4000244140625,1577.5,1565.300048828125,1573.5,10184852,1550.3250061035155,1505.0940063476562,0.6581080434985509
2025-12-23,1570.699951171875,1580.9000244140625,1568.0999755859375,1580.9000244140625,7506564,1551.8750061035157,1508.8740063476562,-0.29834157479688983
2025-12-24,1558.199951171875,1575.699951171875,1553.5999755859375,1572.699951171875,8815745,1551.2900024414062,1512.5380053710937,-0.795823542916263
2025-12-26,1559.199951171875,1561.0,1554.300048828125,1554.699951171875,2311495,1551.0799987792968,1516.20400390625,0.06417661605289116
2025-12-29,1545.5999755859375,1558.0999755859375,1543.5999755859375,1554.9000244140625,5972105,1549.9849975585937,1519.6300024414063,-0.872240636982824
2025-12-30,1539.800048828125,1553.5999755859375,1537.800048828125,1547.0,8815884,1548.6700012207032,1522.4600024414062,-0.3752540663449322
